ProgramName,ProgramURL
Avito,https://bugcrowd.com/avito
Lbrands Victoria's Secret - VDP Pro,https://bugcrowd.com/lbrands-vs-vdp
Federal Communications Commission: Vulnerability Disclosure Program,https://bugcrowd.com/fcc-vdp
ID & digital public services for Ukraine,https://bugcrowd.com/programs/teasers/frosty-thunder-5079
Department of Homeland Security: Vulnerability Disclosure Program,https://bugcrowd.com/dhs-vdp
National Labor Relations Board: Vulnerability Disclosure Program,https://bugcrowd.com/nlrb-vdp
Federal Retirement Thrift Investment Board : Vulnerability Disclosure Program,https://bugcrowd.com/frtib-vdp
Millennium Challenge Corporation: Vulnerability Disclosure Program,https://bugcrowd.com/mcc-vdp
United States Department of Agriculture: Vulnerability Disclosure Program,https://bugcrowd.com/usda-vdp
Department of Labor: Vulnerability Disclosure Program,https://bugcrowd.com/dol-vdp
Privacy and Civil Liberties Oversight Board: Vulnerability Disclosure Program,https://bugcrowd.com/pclob-vdp
Equal Employment Opportunity Commission: Vulnerability Disclosure Program,https://bugcrowd.com/eeoc-vdp
Occupational Safety and Health Review Commission: Vulnerability Disclosure Program,https://bugcrowd.com/oshrc-vdp
Court Services and Offender Supervision Agency: Vulnerability Disclosure Program,https://bugcrowd.com/csosa-vdp
Ibotta,https://bugcrowd.com/ibotta
OneTrust,https://bugcrowd.com/onetrust
Bullish.com,https://bugcrowd.com/bullish
AMEX - Global Business Travel Vulnerability Disclosure Program,https://bugcrowd.com/amexgbt-vdp
Deribit,https://bugcrowd.com/deribit
Twilio,https://bugcrowd.com/twilio
A multinational consumer goods is looking for top talent to secure their huge attack surface!,https://bugcrowd.com/programs/teasers/aCinC48ZuX41qsYYrDuQ5PK4
Help Keep One of the World's Largest Retailers Safe!,https://bugcrowd.com/programs/teasers/Pn7YEFSanfM8zqKGDo6rdZce
Upwork,https://bugcrowd.com/upwork
Unity Technology,https://bugcrowd.com/unity
Smartmockups,https://bugcrowd.com/smartmockups
Pixabay,https://bugcrowd.com/pixabay
Pexels,https://bugcrowd.com/pexels
Lbrands Bath & Body Works - VDP Pro,https://bugcrowd.com/lbrands-bbw-vdp
RealSelf,https://bugcrowd.com/realself
Elementor: Bug Bounty Program,https://bugcrowd.com/elementor
Endurance ,https://bugcrowd.com/endurance
Memsource Vulnerability Disclosure Program,https://bugcrowd.com/memsource-vdp
K15t,https://bugcrowd.com/k15t
Stiltsoft,https://bugcrowd.com/stiltsoft
Help Create a Secure & Better Way to Live ,https://bugcrowd.com/programs/teasers/2PW2ao9Pxm8LBBfiQyooT29J
Web.com,https://bugcrowd.com/webdotcom
BlueHost India VDP Pro,https://bugcrowd.com/newfold-bluehostindia-vdp
Credit Karma,https://bugcrowd.com/creditkarma
HostGator,https://bugcrowd.com/endurance-hostgator
Reseller Club VDP Pro,https://bugcrowd.com/newfold-resellerclub-vdp
 1Password,https://bugcrowd.com/agilebits
Contrast Security,https://bugcrowd.com/contrast-security
Domain.com,https://bugcrowd.com/endurance-domain
iPage,https://bugcrowd.com/endurance-ipage
TripAdvisor Mobile,https://bugcrowd.com/tripadvisor-mobile
Leading digital transaction provider. New mobile targets introduced recently!,https://bugcrowd.com/programs/teasers/Jpzfw2e8eSJaYSjdN9TGiK8d
lululemon,https://bugcrowd.com/lululemon
Electroneum,https://bugcrowd.com/electroneum
A fantasy sports platform with over 100 million users,https://bugcrowd.com/programs/teasers/APnRLRQMhtdKEokr6Sd3TWEi
SnapNames VDP,https://bugcrowd.com/snapnames-vdp
NameJet VDP,https://bugcrowd.com/namejet-vdp
Accellion Enterprise Content Firewall ,https://bugcrowd.com/accellion-public
Mail.ru Group,https://bugcrowd.com/mailru
Cloud Security Platform,https://bugcrowd.com/programs/teasers/gaCPhg1rSBNy9AeVKnmbi9Rv
Jumbo Privacy,https://bugcrowd.com/jumboprivacy
Whatfix,https://bugcrowd.com/whatfix
Step Public Applications,https://bugcrowd.com/step-public
Cengage VDP,https://bugcrowd.com/cengage-vdp
Cloudinary,https://bugcrowd.com/cloudinary
Help an AdTech Company Stay Safe!,https://bugcrowd.com/programs/teasers/LpGD4WXdR2UTu2mJ9pdhUMvA
Aruba Networks Public Program,https://bugcrowd.com/aruba-public
Mailgun ,https://bugcrowd.com/mailgun
Regions Bank Vulnerability Disclosure Program ,https://bugcrowd.com/regions-vdp
Gusto,https://bugcrowd.com/gusto
UK FinTech business banking mobile application,https://bugcrowd.com/programs/teasers/NrkF3VgMxU9gFeFEpysYzGc2
Western Union,https://bugcrowd.com/westernunion
"Acorns Grow, Inc.",https://bugcrowd.com/acorns
Intercom,https://bugcrowd.com/intercom
SailPoint,https://bugcrowd.com/programs/teasers/crimson-wind-1005
DICK'S Sporting Goods,https://bugcrowd.com/dickssportinggoods
Sprout Social,https://bugcrowd.com/sproutsocial
Cash App,https://bugcrowd.com/cashapp
NAB's Responsible Disclosure Program,https://bugcrowd.com/nationalaustraliabankog
Platform Hosting Infrastructure from Leading Provider of Computing Software,https://bugcrowd.com/programs/teasers/qoUJFQbS1dRvXQBWutnwDUHx
A Leading Financial Services and Insurance Company,https://bugcrowd.com/programs/teasers/PhZA2CKG9vHhhBVM4EwcXuaJ
Indeed,https://bugcrowd.com/indeed
Web + API Applications in this OnGoing Bug Bounty Program,https://bugcrowd.com/programs/teasers/ovv41tyYARpWDHrCsFHLse6D
Kistler Vulnerability Disclosure Program,https://bugcrowd.com/kistler-vdp
Jora,https://bugcrowd.com/jora
Opera Public Bug Bounty,https://bugcrowd.com/opera
Caffeine,https://bugcrowd.com/caffeine
20 Minuten,https://bugcrowd.com/twentyminuten
 Comcast Xfinity Vulnerability Disclosure Program,https://bugcrowd.com/comcastvdp
Algorand,https://bugcrowd.com/algorand
SmartThings Vulnerability Disclosure,https://bugcrowd.com/smartthings
Redox,https://bugcrowd.com/redox
Xfinity Opensource,https://bugcrowd.com/xfinity-opensource
OLX Group,https://bugcrowd.com/olxgroup
Mobility Company Looking for Your Skills!,https://bugcrowd.com/programs/teasers/pY68GCL2kFMfrz1meTHJAXh4
Sophos,https://bugcrowd.com/sophos
Help secure this Peer-to-Peer Marketplace,https://bugcrowd.com/programs/teasers/4WFYRFh1eGZhkPzZbuVCdCew
Growtopia,https://bugcrowd.com/growtopia
Okta,https://bugcrowd.com/okta
EOSIO Software and System Contracts,https://bugcrowd.com/eos-smart-contracts
Web.com VDP,https://bugcrowd.com/webdotcom-vdp
codefortynine,https://bugcrowd.com/codefortynine
Canva,https://bugcrowd.com/canva
Centrify,https://bugcrowd.com/centrify
HubSpot,https://bugcrowd.com/hubspot
Socrata,https://bugcrowd.com/socrata
Docusign: Vulnerability Disclosure Program,https://bugcrowd.com/docusign-vdp
Netflix,https://bugcrowd.com/netflix
Arlo Cash Rewards,https://bugcrowd.com/arlo
Kenna Security,https://bugcrowd.com/kennasecurity
eero,https://bugcrowd.com/eero
Host Gator LATAM,https://bugcrowd.com/endurance-hostgatorlatam
LogicBoxes / OrderBox,https://bugcrowd.com/endurance-orderbox
"Experience football connection like never before, bringing fantasy to reality and keep players secure!",https://bugcrowd.com/programs/teasers/o3eqyEZ2zbGoQXXBW65NBhkD
Websitebuilder.com,https://bugcrowd.com/endurance-builder
Asana,https://bugcrowd.com/asana
PlanetHoster,https://bugcrowd.com/planethosterinc
Directly,https://bugcrowd.com/directly
"Simplifying complex work wherever, and you can help secure it! (2x bonus rewards)",https://bugcrowd.com/programs/teasers/Vjpfr6mxTdGw6VBYRvimMtQJ
Starlink,https://bugcrowd.com/spacex
Test a unicorn in the airline ticketing and hotel booking industry!,https://bugcrowd.com/programs/teasers/vzeiF8HxunufJrbpNbdrma4g
Lime,https://bugcrowd.com/lime
tZERO Vulnerability Disclosure Program,https://bugcrowd.com/tzero-vdp
iRobot,https://bugcrowd.com/irobot
ExpressVPN,https://bugcrowd.com/expressvpn
Bluehost,https://bugcrowd.com/endurance-bluehost
InVision Enterprise v7,https://bugcrowd.com/invision-v7
Segment,https://bugcrowd.com/segment
Optimizely,https://bugcrowd.com/optimizely
Binance,https://bugcrowd.com/binance
Octopus,https://bugcrowd.com/octopus-og
Skyscanner,https://bugcrowd.com/skyscanner
A leading private media group needs your help to secure their broad list of websites!,https://bugcrowd.com/programs/teasers/xgxjm1AhSnaHgrXb6dhfPKxM
Arkose Labs,https://bugcrowd.com/arkose-labs
Keeper Security Public Bounty Program,https://bugcrowd.com/keepersecurity
A Patient Engagement Platform,https://bugcrowd.com/programs/teasers/dKJhahhbBJQ7FLqLXeAJGMY8
BugPoC,https://bugcrowd.com/bugpoc-mbb
Blend,https://bugcrowd.com/blend-vdp
NeoPhotonics,https://bugcrowd.com/neophotonics
Stellantis ,https://bugcrowd.com/stellantis
Personal Capital,https://bugcrowd.com/personalcapital
WestJet's Vulnerability Disclosure Program,https://bugcrowd.com/westjet-disclose
"Automate, customize and extend!",https://bugcrowd.com/programs/teasers/CuK9RZhPuFhKCvewXbxWFy3M
FireEye Bug Bounty Program,https://bugcrowd.com/fireeye
Bitdefender,https://bugcrowd.com/bitdefender
"Web, API, iOS and Android Applications in Ongoing Bounty Program",https://bugcrowd.com/programs/teasers/V8rjBFxupVP2t9xqommVvgXF
Cybrary,https://bugcrowd.com/cybrary
Mastercard SRC,https://bugcrowd.com/mastercard-src
Tesla,https://bugcrowd.com/tesla
Viator,https://bugcrowd.com/viator
Cloudways,https://bugcrowd.com/cloudways
Global Financial Institution,https://bugcrowd.com/programs/teasers/little-smoke-2110
An established software company is looking for talented researchers to help secure their broad web and API scope!,https://bugcrowd.com/programs/teasers/poDPNv8MqE1t3GntC8zGMvSi
Safety First!,https://bugcrowd.com/programs/teasers/auGYMAudW3xRzkUm5mhBA9nh
Unilever Vulnerability Disclosure Program,https://bugcrowd.com/unilever-vdp
Be the Authority!,https://bugcrowd.com/programs/teasers/ihjPujsLBGznTPRDeRvLvYBL
3 Easy payments,https://bugcrowd.com/programs/teasers/PYG4BcYhkMm668So9ZdYxvFh
Wise (ex-TransferWise),https://bugcrowd.com/wise
An international IT and telecommunications company would like your help to secure their API and Web targets! Can you help them? ,https://bugcrowd.com/programs/teasers/D6ktyjtr1GH2DVT3dsLw37oL
"Automatic, Systematic",https://bugcrowd.com/programs/teasers/ptBb5dBZppXPxL5H4fqatAGb
Takeaway.com,https://bugcrowd.com/takeaway
Application to find help around the house.,https://bugcrowd.com/programs/teasers/KQaKCY3q8wCF7GQyNjybbbYx
Xfinity Home & xFi,https://bugcrowd.com/xfinity-home
Better Git Going!,https://bugcrowd.com/programs/teasers/cNBpFBGjMPRKspZYFnrc5Kcu
Leading BioTech firm,https://bugcrowd.com/programs/teasers/mJuqBbrajVZMck72L2teD1Km
An electronics retailer would like your help!,https://bugcrowd.com/programs/teasers/eQTUitf7a1btxJGEXtAWMtYd
"A Cryptocurrency payment system needs your help to secure multiple web applications, APIs and mobile applications!",https://bugcrowd.com/programs/teasers/Rp7kgWq5z8pit9UstPQbSmg9
Boozt Fashion,https://bugcrowd.com/boozt-og
BitDiscovery,https://bugcrowd.com/bitdiscovery
Click here to submit a support ticket!,https://bugcrowd.com/programs/teasers/dzLdTDyKibS7sbLurifaVrGk
Help secure an American healthcare provider’s API assets,https://bugcrowd.com/programs/teasers/5VqRm3tLw4kETHq95hGbwgJT
Private program for web data visualizer plug-ins,https://bugcrowd.com/programs/teasers/NqPBZv1FQntcnjGu2ejXfeZR
SDKs and APIs Oh My!,https://bugcrowd.com/programs/teasers/1Z21mCvj7Fkohij4GEv4L2mv
TripAdvisor ,https://bugcrowd.com/tripadvisor-vdp
MasterCard VDP,https://bugcrowd.com/mastercard-vdp
Naspers,https://bugcrowd.com/naspers
Investing Application looks to secure Local Businesses,https://bugcrowd.com/programs/teasers/gEtsxQJAY8i6QgorsUG4bhAt
Pinterest,https://bugcrowd.com/pinterest
Large rewards on an API heavy program!,https://bugcrowd.com/programs/teasers/xEV8fiDcRXC2ki7Kp9aBZGJ6
Atlassian,https://bugcrowd.com/atlassian
HealthifyMe's Vulnerability Disclosure Program,https://bugcrowd.com/healthifyme
SEEK ,https://bugcrowd.com/seek
Made in the USA,https://bugcrowd.com/programs/teasers/6dF5BFZpPHHTUJwzBY1PDJtb
Land of the Free,https://bugcrowd.com/programs/teasers/iDZhypDohatBc57iUufGC1MG
You Need a Budget (YNAB),https://bugcrowd.com/ynab
Algorand,https://bugcrowd.com/algorand-vdp
Leading Cybersecurity Solutions Provider,https://bugcrowd.com/programs/teasers/g55EBqXg4edagMyYHdWBRz3S
SoundCloud,https://bugcrowd.com/soundcloud
WP Engine,https://bugcrowd.com/wpengine
Let's go secure this private program!,https://bugcrowd.com/programs/teasers/wz2XjLbMbdSSVadU4sTkDAgJ
Mastercard (VDP Extension),https://bugcrowd.com/mastercard-vdp-ext
Financial Services Provider,https://bugcrowd.com/programs/teasers/2QPzmcExC5eNu2VF1K3BpWEw
Blue Jeans Network,https://bugcrowd.com/bluejeans
StackPath,https://bugcrowd.com/stackpath
"No hardware, no problem! Route your submissions here!",https://bugcrowd.com/programs/teasers/85QHLUn4xVHNMXnm5RnTXi5i
Help secure web and mobile assets of a leading grocery e-commerce platform,https://bugcrowd.com/programs/teasers/CmAFeA8hWbJsUE5S6RTMzAqZ
Dell Technologies,https://bugcrowd.com/dell
Help Secure an Anti-Crime FinTech Application,https://bugcrowd.com/programs/teasers/8KNfwfm3QXy4HeKXYvL6fRRq
Opsgenie,https://bugcrowd.com/opsgenie
Transactional email service made for developers,https://bugcrowd.com/programs/teasers/9ivBQDeA2CPxgjupJES2JyLa
Telefónica Germany,https://bugcrowd.com/telefonicavdp
Today I Learned...,https://bugcrowd.com/programs/teasers/vzN6J6WNBTcH8wKrNPy2qJNc
Western Union Kudos ,https://bugcrowd.com/westernunion-kudos
A multinational telecommunications is looking for top talent to secure their huge attack surface!,https://bugcrowd.com/programs/teasers/xgNf1nzd9GUNzAkA37uPpsoe
Help secure the connection between teachers and students and build better classrooms,https://bugcrowd.com/programs/teasers/nJvfrwkiaktFrMkKdSEexXtz
"Help secure an American healthcare provider’s API, web and mobile assets",https://bugcrowd.com/programs/teasers/31HdyjMajAJgMkE5hUB7jC2h
"Exciting cloud-based iPad point of sale software company needs your help to secure their Web, API and mobile targets!",https://bugcrowd.com/programs/teasers/qBGsVZkQWfStg2RZq1qyFB4Z
End to End Payment Solution,https://bugcrowd.com/programs/teasers/NN5Yd45gNJZdnVaEDPuqkmKH
Help make the cloud landscape more secure ,https://bugcrowd.com/programs/teasers/ZgTj3xvrZb2Mj7T796MJqMmz
Digital Asset Marketplace Looking for Testers,https://bugcrowd.com/programs/teasers/8ydDkusWMXCAqv4e4CBr2sgt
Professional Counselling Provider,https://bugcrowd.com/programs/teasers/dKZe19MnPivPJUoEgw3f5f4S
Customer Experience and Resource Planning Applications,https://bugcrowd.com/programs/teasers/igumKmiWyvnL3qBXJeaFevFF
The leader in transport fuels.,https://bugcrowd.com/programs/teasers/pinkJ5MeAb2fpEH1QkQA9uuS
Help this SaaS Company Stay Secure! ,https://bugcrowd.com/programs/teasers/zgHY35iBCgUX88ta2EhdrvgR
Help Keep a Financial Company Secure!,https://bugcrowd.com/programs/teasers/wenDhQkBP4FrJAAUF5jevaPH
Help to secure a SaaS HR program,https://bugcrowd.com/programs/teasers/WFDBqi4g48C38aVSNt69zowg
Mathematical software solutions provider,https://bugcrowd.com/programs/teasers/eQuhxoBoidGUJpQZgWisbrrk
USAA,https://bugcrowd.com/usaa
PureVPN,https://bugcrowd.com/purevpn
Trello,https://bugcrowd.com/trello
Educational tool used by students worldwide,https://bugcrowd.com/programs/teasers/YnMCWcQy4ay1meH5zS4KmQe4
Overstock's Vulnerability Disclosure Page!,https://bugcrowd.com/overstockvdp
Help secure an American healthcare provider’s web assets,https://bugcrowd.com/programs/teasers/bTgxyayqEaWS6hqUJLruvaT9
Arlo Kudos Rewards,https://bugcrowd.com/arlokudos
UNDER ARMOUR,https://bugcrowd.com/underarmour
Fleet Management Application ,https://bugcrowd.com/programs/teasers/XR31EGGTQjkxREVqi4RNwPXv
Moneytree KK,https://bugcrowd.com/moneytreekkog
Square Open Source,https://bugcrowd.com/squareopensource
A consumer device maker is looking for help securing its hardware/software assets,https://bugcrowd.com/programs/teasers/rp9tjj4WKMn1yTz5VRv46ssZ
Etsy,https://bugcrowd.com/etsy
Cisco Meraki,https://bugcrowd.com/ciscomeraki
Bitdefender Box v2,https://bugcrowd.com/bitdefenderbox2
Square,https://bugcrowd.com/square
Fitbit,https://bugcrowd.com/fitbit
FinTech provider ,https://bugcrowd.com/programs/teasers/muoeF4Rpqf48kDvaANUyG3QQ
SAP Concur,https://bugcrowd.com/concur
Do you like games?,https://bugcrowd.com/programs/teasers/CVP3tvjhbJZP4tQ4TCscBuaT
Sports and Gaming with Large Attack Surface,https://bugcrowd.com/programs/teasers/xyo5VQceR2kZ3ciNALTQeUKM
Information Security Company's Ongoing Program,https://bugcrowd.com/programs/teasers/qEcxjGndRoGtHNobumXqvbSJ
NETGEAR Kudos Rewards,https://bugcrowd.com/netgearkudos
NETGEAR Cash Rewards,https://bugcrowd.com/netgear
Retail Company ,https://bugcrowd.com/programs/teasers/mb7DbrFxEqxoFro9MPJiqpA3
Leading Travel Company,https://bugcrowd.com/programs/teasers/LLxRJ9BynmzRBJFGVbZTQKxa
Payment platform looking for bug hunters!,https://bugcrowd.com/programs/teasers/ZFU5tCmZVAJJc3W3y66eWdfb
Splunk Enterprise,https://bugcrowd.com/programs/teasers/dJdv2FdCjveBAoLYhCm8hEPY
InVision ,https://bugcrowd.com/invision
LastPass,https://bugcrowd.com/lastpass
Stream on!,https://bugcrowd.com/programs/teasers/yam5XzDQYwY7uZfGnsLwbAyq
OWASP Java Encoder,https://bugcrowd.com/owaspjavaencoder
Help secure a shocking new eCommerce platform,https://bugcrowd.com/programs/teasers/BRTLEC2brLWovrqfpFoF7V3R
"Constant Contact, Inc.",https://bugcrowd.com/constantcontact
Mastercard,https://bugcrowd.com/mastercard
OWASP CSRFGuard,https://bugcrowd.com/owaspcrsfguard
OWASP Java HTML Sanitizer,https://bugcrowd.com/owaspjavasanitizer
OWASP® ZAP,https://bugcrowd.com/owaspzap
SecureDrop,https://bugcrowd.com/freedomofpress
(ISC)²,https://bugcrowd.com/isc2
FoxyCart,https://bugcrowd.com/foxycart
"Appliances - Barracuda Networks, Inc.",https://bugcrowd.com/barracuda
Humble Bundle,https://bugcrowd.com/humblebundle
Pantheon,https://bugcrowd.com/pantheon
Statuspage,https://bugcrowd.com/statuspage
WHMCS Client Management Portal,https://bugcrowd.com/whmcs
Hack Me!,https://bugcrowd.com/hackme
Bugcrowd,https://bugcrowd.com/bugcrowd
